{
  "name" : "Select2",
  "version" : "3.0.3",
  "description" : "Select lists in Oracle APEX as they should be.",
  "keywords" : ["select list", "jquery", "multi-select", "search", "cascading LOV", "tagging", "autocomplete", "typeahead", "dropdown", "lazy-loading", "lazy-appending", "infinite scroll", "AJAX"],
  "homepage" : "https://github.com/nbuytaert1/apex-select2",
  "bugs" : {
    "url" : "https://github.com/nbuytaert1/apex-select2/issues",
    "email" : "nbuytaert1@gmail.com"
  },
  "license" : "GPL2",
  "author" : {
    "name" : "Nick Buytaert",
    "email" : "nbuytaert1@gmail.com",
    "url" : "https://apexplained.wordpress.com/",
    "twitter": "nbuytaert1",
    "donationUrl": "https://www.paypal.me/NickBuytaert/3"
  },
  "repository" : {
    "type" : "git",
    "url" : "https://github.com/nbuytaert1/apex-select2.git"
  },
  "oracle" : {
    "versions" : ["11.2.0.1", "12.1.0.1"],
    "apex" : {
      "versions" : ["4.1.0", "4.2.0", "5.0.0"],
      "plugin" : {
        "internalName" : "BE.CTB.SELECT2",
        "type" : "item",
        "demo" : "https://apex.oracle.com/pls/apex/f?p=64237:20",
        "previewImage" : "http://www.apex-plugin.com/images/com_sobi2/gallery/344/344_image_2.png"
      }
    }
  }
}